trackid,track,album,artist
1486QFD9f09RdHaFGIbwp5,Slip The Noose,You Are OK,The Maine
1pNsXkAPuVT5O7ZMSs62Sa,My Best Habit,You Are OK,The Maine
22aSl53GhZ1y0R4neQ11pd,Numb Without You,You Are OK,The Maine
6RH0GZ1PQm3RVx7rIK1goz,I Feel It All Over,You Are OK,The Maine
48Kt0Zugeset3zlvhLPJmz,"Heaven, We're Already Here",You Are OK,The Maine
2RJBqXBfWmpQBHJXmoVrVX,Forevermore,You Are OK,The Maine
7iZwbcvKJhudZ3Rp80rnhD,Tears Won't Cry (SHINJÅª),You Are OK,The Maine
0NMbT2WedjEqtPJ7bVoi1j,One Sunset,You Are OK,The Maine
6UzbNQ1SID1calDF8wiWZs,Broken Parts,You Are OK,The Maine
5Uj07XNL2GvLbyv13t0RTO,Flowers On The Grave,You Are OK,The Maine
