playlist,artist,track,trackid
Pop Punk's Not Dead,With Confidence,Moving Boxes,7lSqt09mk5hlzVWLzYIuWI
Pop Punk's Not Dead,Point North,Gasoline,7zu033uK8PfJ0lqOIKHhzL
Pop Punk's Not Dead,"Oh, Weatherly",Here Tonight,2vXorLnvMDPdPj2HhPKKut
Pop Punk's Not Dead,Sundressed,So Poetic,75hyY0jy2Q2ejgpFc5a5ZC
Pop Punk's Not Dead,The Home Team,She's Quiet,4xlMOALTScnY5tU9VdcmGY
Pop Punk's Not Dead,Summer Wars,End of an Era,0KcJ54zr5hRbAlGdNTbM9p
Pop Punk's Not Dead,Between You & Me,Dakota,7HNurYC9VmUMRznWjEHLaT
Pop Punk's Not Dead,Real Friends,Me First,72yApMP8fkW15lWdMjerBp
Pop Punk's Not Dead,With Confidence,Without Me (Pâquerette),2YZhnf9AUQ4HBTfDjgIfnq
Pop Punk's Not Dead,Seaway,Blur,2KbAmL4rksWNcviO6tuYmp
Pop Punk's Not Dead,Point North,Never Coming Home,0TVqltg5lxOhLpeImpaAYH
Pop Punk's Not Dead,Carousel Kings,Code Breaker (Smile),55ogx4C3oppyxbAPJuBVmO
Pop Punk's Not Dead,Across the Atlantic,Lights,6gsbYsjm5dEIggbKXXseR3
Pop Punk's Not Dead,The Gospel Youth,Thoughtless,7JNXKZZREccopr7AEPXwAI
Pop Punk's Not Dead,Bearings,Eyes Closed,0jUb48UMAdHwmNeeg1ZpN0
Pop Punk's Not Dead,Point North,Ghost in My Home,59Ku2whuuXy9y3ZiUiYqHP
Pop Punk's Not Dead,Carousel Kings,Lock Meowt,4dvIgtUpSNHMv6Z0u7sPx6
Pop Punk's Not Dead,In Her Own Words,Serotonin,7JeIpiCXappsI31Mg4BcWz
Pop Punk's Not Dead,Divided Minds,Norterra Parkway,0e3V3pLvqep84DZvW5azPt
Pop Punk's Not Dead,Abandoned By Bears,So Far Gone,34BZplPGP62rkyzCaoH7tK
Pop Punk's Not Dead,Eat Your Heart Out,Carousel,12q0i0bpDwti8pIPtqO4yQ
Pop Punk's Not Dead,Dear Youth,Fair Warning,4qhSXqbvwAkVLxCDYq5QHm
Pop Punk's Not Dead,Neck Deep,Torn,1NqH3H7CX9ffRcCc7bnKvS
Pop Punk's Not Dead,FELICITY,Tough Luck,4X1Tj3Y41B9HR4VANUBWyC
Pop Punk's Not Dead,First and Forever,Chicago,1lTkAOz5pj0BIz2yk8UYpi
Pop Punk's Not Dead,Youth Fountain,Rose Coloured Glass,5W1hGiWjGuQHoqd30nUkZR
Pop Punk's Not Dead,Boys of Fall,Something to Say,2RMU3TP2q2zlMCCXAmKKpi
Pop Punk's Not Dead,Calling All Captains,Chasing Ghosts,03y1mDlbMHZ40TBnwPvbAs
Pop Punk's Not Dead,WSTR,Tell Me More,0hs5URdeT8IIXKD0v5emab
Pop Punk's Not Dead,Simple Creatures,Strange Love,1y9AS8gXPuF8sn3K6Awbyb
Pop Punk's Not Dead,State Champs,Lightning,2f23wbpcWh5jW6GFK3FPjN
Pop Punk's Not Dead,Arcane Ghosts,Petrified,0cINkNwQlx8RQCrJcVXizs
Pop Punk's Not Dead,In Her Own Words,Rosé by the Ocean,3nLbF7vHZtxJ8q31srhigl
Pop Punk's Not Dead,AS IT IS,The Handwritten Letter,7lDxj1JtMU5BNAFvrgJUAA
Pop Punk's Not Dead,Simple Creatures,Adrenaline,5vxX2POnp7NBbaCAIVQix7
Pop Punk's Not Dead,"Sincerely, Me",Half Empty,3ZU1XnruAHEVtQAUtC5rsD
Pop Punk's Not Dead,Offended by Everything,The First Time,0I1Tkv44a246HBOmpbNpTL
Pop Punk's Not Dead,In Her Own Words,Alone with You,3jLj7HQNl4LXc9vNuwcFyw
Pop Punk's Not Dead,Midnight Skies,Mind Reader,6Nacld68x2MYkxVLAy8VSC
Pop Punk's Not Dead,Homebound,Note to Self,6Qq7oc2eWORwgWSgbUTlBG
Pop Punk's Not Dead,Stand Atlantic,Lost My Cool,0D3mbKGRfRctoGzzoEOHZb
Pop Punk's Not Dead,Yours Truly,Delusional Paradise,3gkBtZfTuOAeQMN4z0D3yH
Pop Punk's Not Dead,Like Pacific,Had It Coming,4HulTxBvWAFKHMyyQFVHGC
Pop Punk's Not Dead,Eat Your Heart Out,Spinning,1z3WRqFWWKVKHDRhdm6q3t
Pop Punk's Not Dead,Forever Starts Today,Family Tradition,4Tp5pG9AHfajQZGUL0BKne
Pop Punk's Not Dead,Ready Steady Steroids,Karma,2rdgs6lsDLx1rhHyOqgQAK
Pop Punk's Not Dead,Get Your Head Straight,Excuses,4qL5weqEiyVr0MSmYdizme
Pop Punk's Not Dead,The Bottom Line,Reasons,3EjeqPJsikUGGSMMb0l4nt
Pop Punk's Not Dead,Such Luck,Mess,6tzABtV2qsuPG9p7akyqDb
Pop Punk's Not Dead,First and Forever,A Violet Ending,56P2Vo5vHGOwgxJy5BI8hW
